{
    "metadata": {
        "name": "Đọc Truyện 14",
        "author": "B",
        "version": 1,
        "source": "https://doctruyen14.vip/",
        "regexp": "https://doctruyen14.vip/.*?/",
        "description": "Đọc Truyện 14 là trang web đọc truyện chữ online.",
        "locale": "vi_VN",
        "language": "javascript",
        "type": "novel",
        "tag": "nsfw"
    },
    "script": {
        "home": "home.js",
        "detail": "detail.js",
        "toc": "toc.js",
        "chap": "chap.js",
        "search": "search.js",
        "genre": "genre.js"
    }
}