{
  "metadata": {
    "name": "Qianluxiaoshuo - Tiền Lộ",
    "author": "dat-bi",
    "version": 5,
    "source": "https://www.qianluxiaoshuo.com",
    "regexp": "https://www.qianluxiaoshuo.com/(.*?)/\\d+\\.html",
    "description": "Đọc truyện trên trang qianluxiaoshuo",
    "locale": "zh_CN",
    "language": "javascript",
    "type": "chinese_novel"
  },
  "script": {
    "home": "home.js",
    "detail": "detail.js",
    "search": "search.js",
    "toc": "toc.js",
    "chap": "chap.js"
  }
}