{
    "metadata": {
        "name": "STV++",
        "author": "dat-bi",
        "version": 1,
        "source": "https://sangtacviet.pro",
        "regexp": "(www.)?sangtacviet.(info|com|xyz|pro)/truyen/([a-zA-Z0-9])+/\\d+/\\d+/?$",
      "description": "ban TIẾNG VIỆT",
        "locale": "vi-VN",
        "language": "javascript",
        "type": "novel"
    },
    "script": {
        "home": "home.js",
        "genre": "genre.js",
        "search": "search.js",
        "detail": "detail.js",
        "toc": "toc.js",
        "chap": "chap2.js"
    }
}