{
  "metadata": {
    "name": "qidian-vp",
    "author": "B",
    "version": 1,
    "source": "https://qidian-vp.com/",
    "regexp": "qidian-vp.com/truyen/.*?",
    "description": "Đọc truyện trên trang Truyện Full",
    "locale": "vi_VN",
    "type": "novel",
    "language": "javascript"
  },
  "script": {
    "home": "home.js",
    "genre": "genre.js",
    "detail": "detail.js",
    "search": "search.js",
    "page": "page.js",
    "toc": "toc.js",
    "chap": "chap.js"
  }
}
