{
  "metadata": {
    "name": "downbook",
    "author": "dat-bi",
    "version": 2,
    "source": "https://sj.downbook.cc/",
    "regexp": "sj.?downbook.cc/TXT/(.*?).html",
    "description": "Đọc truyện trên trang downbook.cc",
    "locale": "zh-CN",
    "language": "javascript",
    "type": "chinese_novel"
  },
  "script": {
    "home": "home.js",
    "detail": "detail.js",
    "genre": "genre.js",
    "toc": "toc.js",
    "search": "search.js",
    "chap": "chap.js"
  }
}
