{
  "metadata": {
    "name": "5in1",
    "author": "B",
    "version": 61,
    "source": "http://14.225.254.182",
    "regexp": "(wwww.)?(((https://|http://)((sangtacviet.*?)|14.225.254.182)/truyen/(qidian|ptwxz|fanqie|69shu|qimao)/1/\\d+.*?))|69shuba.*?/book/(.*?).htm|69shu.biz/b/(.*?).html|((www|m).69yuedu.net/article/(.*?).html)|(www.(ptwxz|piaotian|piaotia).com/bookinfo/\\d+/\\d+.html$)",
    "description": "không còn hỗ trợ",
    "locale": "zh_CN",
    "language": "javascript",
    "type": "chinese_novel",
    "encrypt": true
  },
  "script": {
    "detail": "detail.js",
    "toc": "toc.js",
    "chap": "chap.js",
    "home": "home.js",
    "search": "search.js"
  }
}