{
  "metadata": {
    "name": "alicesw",
    "author": "B",
    "version": 5,
    "source": "http://alicesw.com",
    "regexp": "(https://|http://)(www|.m)?.alicesw.com/.*?/\\d+.html",
    "description": "Đọc truyện trên trang http://www.alicesw.com",
    "locale": "zh_CN",
    "language": "javascript",
    "type": "chinese_novel"
  },
  "script": {
    "home": "home.js",
    "detail": "detail.js",
    "toc": "toc.js",
    "chap": "chap.js",
    "genre": "genre.js",
    "search": "search.js"
  }
}
