{
  "metadata": {
    "name": "roadsteam",
    "author": "B",
    "version": 1,
    "source": "https://roadsteam.com/",
    "regexp": "(www.)?roadsteam.*?/.*?",
    "description": "Đọc truyện trên trang roadsteam",
    "locale": "vi_VN",
    "language": "javascript",
    "type": "comic",
    "tag": "nsfw"
  },
  "script": {
    "home": "home.js",
    "genre": "genre.js",
    "detail": "detail.js",
    "search": "search.js",
    "toc": "toc.js",
    "chap": "chap.js"
  }
}
