{
  "metadata": {
    "name": "xyushu5",
    "author": "B",
    "version": 2,
    "source": "https://m.xyushu5.com/",
    "regexp": "https://(www.|m.)?xyushu5.com/(.*?)/\\d+(\\/|\\.html)",
    "description": "Đọc truyện trên trang https://www.xyushu5.com",
    "locale": "zh_CN",
    "language": "javascript",
    "type": "chinese_novel",
    "tag": "nsfw"
  },
  "script": {
    "home": "home.js",
    "detail": "detail.js",
    "toc": "toc.js",
    "chap": "chap.js"
  }
}
