{
  "metadata": {
    "name": "kanunu8",
    "author": "B",
    "version": 3,
    "source": "https://www.kanunu8.com",
    "regexp": "https://(www.)?kanunu8.com(/(book2|book3|book|book4)/\\d+($|/$|/index.html)|/files/(.*?)(/(.*?)/|/)\\d+\\.html|/.*?/\\d+/\\d+.html)",
    "description": "Đọc truyện trên trang https://www.kanunu8.com",
    "locale": "zh_CN",
    "language": "javascript",
    "type": "chinese_novel"
  },
  "script": {
    "home": "home.js",
    "detail": "detail.js",
    "toc": "toc.js",
    "chap": "chap.js"
  }
}
