{
  "metadata": {
    "name": "ntruyen",
    "author": "B",
    "version": 10,
    "source": "https://ntruyen.biz/",
    "regexp": "https://ntruyen.biz/truyen/.*?$",
    "description": "Truyện chữ tùm lum...",
    "locale": "vi_VN",
    "type": "novel",
    "language": "javascript",
    "encrypt": true
  },
  "script": {
    "home": "home.js",
    "page": "page.js",
    "genre": "genre.js",
    "detail": "detail.js",
    "search": "search.js",
    "toc": "toc.js",
    "chap": "chap.js"
  }
}