{
  "metadata": {
    "name": "ntruyen",
    "author": "B",
    "version": 8,
    "source": "https://ntruyen.top/",
    "regexp": "https://ntruyen.top/truyen/.*?-\\d+(.html)$",
    "description": "Truyện chữ tùm lum...",
    "locale": "vi_VN",
    "type": "novel",
    "language": "javascript"
  },
  "script": {
    "home": "home.js",
    "page": "page.js",
    "genre": "genre.js",
    "detail": "detail.js",
    "search": "search.js",
    "toc": "toc.js",
    "chap": "chap.js"
  }
}
