{
    "metadata": {
        "name": "ptwxzOrg",
        "author": "B",
        "version": 3,
        "source": "https://ptwxz.org",
        "regexp": "(https://|http://)(m.|www.)ptwxz.org/.*?/\\d+(/|/index.html)",
        "description": "Đọc truyện trên trang ptwxz",
        "locale": "zh_CN",
        "language": "javascript",
        "type": "chinese_novel"
    },
    "script": {
        "home": "home.js",
        "detail": "detail.js",
        "toc": "toc.js",
        "chap": "chap.js"
    }
}