{
  "metadata": {
    "name": "18mh",
    "author": "B",
    "version": 1,
    "source": "https://18mh.net/novel",
    "regexp": "18mh.net/novel/.*?",
    "description": "Đọc truyện trên trang 18mh.net",
    "locale": "zh_CN",
    "language": "javascript",
    "type": "chinese_novel",
    "tag": "nsfw"
  },
  "script": {
    "home": "home.js",
    "detail": "detail.js",
    "toc": "toc.js",
    "genre": "genre.js",
    "search": "search.js",
    "chap": "chap.js"
  }
}
