{
  "metadata": {
    "name": "[Review] tuishujun 💬",
    "author": "B",
    "version": 1,
    "source": "https://www.tuishujun.com/",
    "regexp": "(www.|api.)?tuishujun.com/books/\\d+",
    "description": "Xem đánh giá truyện trên trang https://www.tuishujun.com/",
    "locale": "zh_CN",
    "language": "javascript",
    "type": "chinese_novel"
  },
  "script": {
    "home": "home.js",
    "detail": "detail.js",
    "toc": "toc.js",
    "search": "search.js",
    "chap": "chap.js"
  }
}
