{
  "metadata": {
    "name": "myreadingmanga",
    "author": "B",
    "version": 3,
    "source": "https://myreadingmanga.info/",
    "regexp": "https://myreadingmanga.*?/.*?/",
    "description": "Đọc truyện trên trang myreadingmanga",
    "locale": "vi_VN",
    "language": "javascript",
    "type": "comic",
    "tag": "nsfw"
  },
  "script": {
    "home": "home.js",
    "detail": "detail.js",
    "search": "search.js",
    "toc": "toc.js",
    "chap": "chap.js"
  }
}
