{
  "metadata": {
    "name": "lkdttzz",
    "author": "B",
    "version": 1,
    "source": "https://lkdttzz.com",
    "regexp": "https://(www.)?lkdttzz.com/truyen/.*?",
    "description": "Đọc truyện trên trang Net Truyện",
    "locale": "vi_VN",
    "language": "javascript",
    "type": "comic",
    "tag": "nsfw"
  },
  "script": {
    "home": "home.js",
    "genre": "genre.js",
    "detail": "detail.js",
    "search": "search.js",
    "toc": "toc.js",
    "chap": "chap.js"
  }
}
