{
    "metadata": {
        "name": "tienhiepXYZ",
        "author": "B",
        "version": 3,
        "source": "https://truyendich.vn",
        "regexp": "https://((truyendich.vn)|(tienhiep.xyz))/.*?",
        "description": "Đọc truyện trên trang tienhiep.net",
        "locale": "vi_VN",
        "type": "novel",
        "language": "javascript"
    },
    "script": {
        "home": "home.js",
        "genre": "genre.js",
        "search": "search.js",
        "detail": "detail.js",
        "toc": "toc.js",
        "chap": "chap.js",
        "page": "page.js"
    }
}