{
  "metadata": {
    "name": "xinyushuwu",
    "author": "B",
    "version": 4,
    "source": "https://m.xinyushuwu2.com",
    "regexp": "(www|m)\\.xinyushuwu.*?/\\d+/\\d+/?",
    "description": "Đọc truyện trên trang xinyushuwu. tác giả hajljnopera mà xóa rồi, dat-bi sửa",
    "local": "vi-VN",
    "language": "javascript",
    "type": "chinese_novel",
    "tag": "nsfw"
  },
  "script": {
    "detail": "detail.js",
    "toc": "toc.js",
    "chap": "chap.js",
    "home": "home.js",
    "search": "search.js",
    "genre": "genre.js"    
  }
}
