{
  "metadata": {
    "name": "Truyện VN",
    "author": "dat-bi",
    "version": 2,
    "source": "https://truyenvnhot.com",
    "regexp": "(www.)?truyenvnhot.(com|tv|vip)/[^/]+/?$",
    "description": "Đọc truyện trên trang Truyện VN",
    "locale": "vi_VN",
    "language": "javascript",
	"type": "comic"
  },
  "script": {
    "home": "home.js",
    "genre": "genre.js",
    "detail": "detail.js",
    "search": "search.js",
    "toc": "toc.js",
    "chap": "chap.js"
  }
}