{
  "metadata": {
    "name": "tuoinung",
    "author": "dat-bi",
    "version": 5,
    "source": "https://home.tuoinung.co",
    "regexp": ".*?tuoinung.co/\\d+/\\d+/(.*?)[.](html|html#gsc.tab=0)",
    "description": "18+",
    "locale": "vi-VN",
    "language": "javascript",
    "type": "novel",
    "tag": "nsfw"
  },
  "script": {
    "home": "home.js",
    "genre": "genre.js",
    "detail": "detail.js",
    "search": "search.js",
    "toc": "toc.js",
    "chap": "chap.js"
  }
}