{
  "metadata": {
    "name": "TruyenSac",
    "author": "hajljnopera",
    "version": 5,
    "source": "http://truyenheo.org",
    "regexp": "truyenheo\\.org/[^/]+/?$",
    "description": "Đọc truyện trên trang http://truyenheo.org",
    "locale": "vi_VN",
    "language": "javascript",
    "type": "novel",
    "tag": "nsfw"
  },
  "script": {
    "home": "home.js",
    "detail": "detail.js",
    "toc": "toc.js",
    "chap": "chap.js",
    "search": "search.js",
    "genre": "genre.js"
  }
}