{
  "metadata": {
    "name": "Truyện Heo",
    "author": "dat-bi",
    "version": 4,
    "source": "http://truyensextv.com",
    "regexp": "truyenheo\\.org/[^/]+/?$",
    "description": "Đọc truyện trên trang http://truyensextv.com",
    "locale": "vi_VN",
    "language": "javascript",
    "type": "novel",
    "tag": "nsfw"
  },
  "script": {
    "home": "home.js",
    "detail": "detail.js",
    "toc": "toc.js",
    "chap": "chap.js",
    "search": "search.js",
    "genre": "genre.js"
  }
}
