{
  "metadata": {
    "name": "truyenheo",
    "author": "B",
    "version": 9,
    "source": "http://truyensextv.org",
    "regexp": "truyen(heo|sex).*?/[^/]+/?$",
    "description": "Đọc truyện trên trang http://truyensextv.me tác giả là hajljnopera mà xóa rồi, dat-bi sửa",
    "locale": "vi_VN",
    "language": "javascript",
    "type": "novel",
    "tag": "nsfw"
  },
  "script": {
    "home": "home.js",
    "detail": "detail.js",
    "toc": "toc.js",
    "chap": "chap.js",
    "search": "search.js",
    "genre": "genre.js"
  }
}
